1 Row-->*Episode Initiator - BPID=[Cogent Healthcare Of Arizona, Pc - 6005-160, Cogent Healthcare Of Georgia, Pc - 6005-162, Cogent Healthcare Of Iowa, Pc - 6005-164, Cogent Healthcare Of Jacksonville, Llc - 6005-165, Cogent Healthcare Of Tennessee, Pc - 6005-170, Cogent Medical Care, Pc - 6005-173, Holy Cross Hospital - Fort Lauderdale - 2070-c83, Hospitalist Medicine Physician Of Texas - 6005-193, Hospitalist Medicine Physicians Of New Haven County, Llc - 6005-182, Hospitalist Medicine Physicians Of North Carolina, Pllc - 6005-190, Hospitalist Medicine Physicians Of Ohio, Pc - 6005-191, James River Hospitalist Group, Llc - 2070-f06, Mercy Fitzgerald And Philadelphia Hospitals - 2070-c97, Mercy Medical Center - Mason City - 2070-d05, Mt. Carmel - St. Ann's - 2070-d28, Newport Hospital - 2070-010, Penn Presbyterian Medical Center - 2070-021, Rockingham Memorial Hospital - 6005-329, Saint Alphonsus Medical Center - Nampa - 2070-d08, Saint Joseph Rmc - Plymouth - 2070-d12, Sentara Leigh Hospital - 6005-323, Sentara Medical Group - 6005-334, Sentara Princess Anne - 6005-331, Seton Health (st Mary's Hospital) - 2070-c94, Sound Physicians Of Idaho, Pllc - 6005-063, Sound Physicians Of Massachusetts, Inc. - 6005-109, Sound Physicians Of New York, Pllc - 6005-115, South Sound Inpatient Physicians, Pllc - 6005-080, St. Joseph Mercy - Livingston - 2070-d18, St. Joseph's Physician Group - Syracuse - 2070-j34, St. Luke's Hospital Warren Campus - 2070-028, St. Peter's Hospital - 2070-c91]*Anchor Facility - CCN=[Abrazo Arrowhead Campus - 030094, Abrazo Central Campus - 030030, Abrazo Maryvale Campus - 030001, Abrazo Scottsdale Campus - 030083, Abrazo West Campus - 030110, Adena Regional Medical Center - 360159, Adventist Medical Center - 380060, Aiken Regional Medical Center - 420082, Akron General Medical Center - 360027, Alamance Regional Medical Center - 340070, Alliance Community Hospital - 360131, Atlanta Medical Center - 110115, Baptist Medical Center - 450058, Baystate Mary Lane Hospital - 220050, Berger Hospital - 360170, Bert Fish Medical Center - 100014, Bethesda North - 360179, Bon Secours Depaul Medical Center - 490011, Bon Secours Maryview Medical Center - 490017, Bon Secours Memorial Regional Medical Center - 490069, Bon Secours St Francis Medical Center - 490136, Bon Secours St Marys Hospital - 490059, Brookhaven Memorial Hospital Medical Center - 330141, Broward Health Coral Springs - 100276, Broward Health Imperial Point - 100200, Byrd Regional Hospital - 190164, Carlsbad Medical Center - 320063, Carolina East Medical Center - 340131, Carondelet St Joseph's Hospital - 030011, Carondelet St Marys Hospital - 030010, Cascade Valley Hospital - 500060, Central Texas Medical Center - 450272, Chesapeake General Hospital - 490120, Chi St Luke's Health Baylor College Of Medicine Me - 450193, Christus Health Shreveport - Bossier - 190041, Christus Santa Rosa Hospital - 450237, Christus Spohn Hospital Corpus Christi - 450046, Christus St Frances Cabrini Hospital - 190019, Christus St Michael Health System - 450801, Christus St Patrick Hospital - 190027, Cjw Medical Center - 490112, Clinton Hospital Association - 220058, Coastal Carolina Hospital - 420101, Copley Memorial Hospital - 140029, Cortland Regional Medical Center, Inc - 330175, Covenant Hospital Plainview - 450539, Covenant Medical Center - 450040, Dearborn County Hospital - 150086, East Cooper Medical Center - 420089, East Ohio Regional Hospital - 360080, East Texas Medical Center - 450083, Fairfield Medical Center - 360072, Florida Hospital Flagler - 100118, Florida Hospital Tampa - 100173, Genesis Medical Center-davenport - 160033, Good Samaritan Medical Center - 220111, Grand View Hospital - 390057, Harrison Memorial Hospital - 500039, Hartford Hospital - 070025, Haywood Regional Medical Center - 340184, Henrico Doctors' Hospital - 490118, Highline Medical Center - 500011, Hilton Head Regional Medical Center - 420080, Holy Cross Hospital Inc - 100073, Holyoke Medical Center - 220024, Huguley Memorial Medical Center - 450677, Inova Alexandria Hospital - 490040, Jewish Hospital, Llc - 360016, Jps Health Network - 450039, Kadlec Regional Medical Center - 500058, Lake Area Medical Center - 190201, Loyola Gottlieb Memorial Hospital - 140008, Manchester Memorial Hospital - 070027, Marshalltown Medical & Surgical Center - 160001, Mary Immaculate Hospital - 490041, Memorial Health Univ Med Cen, Inc - 110036, Memorial Hermann Hospital System - 450184, Memorial Hermann Katy Hospital - 450847, Memorial Hermann Memorial City Medical Center - 450610, Memorial Hermann Northeast - 450684, Memorial Hermann Texas Medical Center - 450068, Memorial Medical Center Livingston - 450395, Memorial Medical Center Of East Texas - 450211, Mercy Fitzgerald Hospital - 390156, Mercy Health - West Hospital - 360234, Mercy Health Hackley Campus - 230066, Mercy Hospital - 330279, Mercy Hospital And Medical Center - 140158, Mercy Hospital Anderson - 360001, Mercy Hospital Clermont - 360236, Mercy Hospital Fairfield - 360056, Mercy Medical Center - 220066, Mercy Medical Center - Cedar Rapids - 160079, Mercy Medical Center-north Iowa - 160064, Metrowest Medical Center - 220175, Minden Medical Center - 190144, Morton Hospital - 220073, Mother Frances Hospital - 450102, Mount Carmel St Ann's - 360012, Mount Carmel West - 360035, Multicare Auburn Medical Center - 500015, Multicare Good Samaritan Hospital - 500079, Nacogdoches Medical Center - 450656, Nash General Hospital - 340147, Nazareth Hospital - 390204, Newport Hospital - 410006, Northwest Community Hospital 1 - 140252, Northwest Texas Hospital - 450209, Norwood Hospital - 220126, Nyack Hospital - 330104, Ohio State University Hospitals - 360085, Oneida Healthcare Center - 330115, Onslow Memorial Hospital - 340042, Oro Valley Hospital - 030114, Our Lady Of Lourdes Memorial Hospital, Inc - 330011, Peacehealth Southwest Medical Center - 500050, Peacehealth St Joseph Medical Center - 500030, Penn Presbyterian Medical Center - 390223, Pennsylvania Hosp Of The Univ Of Pa Health Sys - 390226, Peterson Regional Medical Center - 450007, Phelps Memorial Hospital Assn - 330261, Piedmont Medical Center - 420002, Plains Regional Medical Center - 320022, Presbyterian Espanola Hospital - 320011, Presbyterian Hospital - 320021, Presence Mercy Medical Center - 140174, Providence Centralia Hospital - 500019, Providence Memorial Hospital - 450002, Providence Sacred Heart Medical Center - 500054, Providence St Vincent Medical Center - 380004, Rhode Island Hospital - 410007, Riverside Methodist Hospital - 360006, Rockville General Hospital - 070012, Rome Memorial Hospital, Inc - 330215, Saint Alphonsus Medical Center - Nampa - 130013, Saint Joseph Hospital - 180010, Saint Joseph Mercy Livingston Hospital - 230069, Saint Joseph Regional Medical Center - Plymouth - 150076, Saint Mary's Health Care - 230059, Samaritan Medical Center - 330157, San Jacinto Methodist Hospital - 450424, Sentara Albemarle Medical Center - 340109, Sentara Careplex Hospital - 490093, Sentara Leigh Hospital - 490046, Sentara Norfolk General Hospital - 490007, Sentara Northern Virginia Medical Center - 490113, Sentara Obici Hospital - 490044, Sentara Princess Anne Hospital - 490119, Sentara Rmh Medical Center - 490004, Sentara Virginia Beach General Hospital - 490057, Sentara Williamsburg Regional Medical Center - 490066, Seton Medical Center Austin - 450056, Seton Medical Center Hays - 670056, Seton Medical Center Williamson - 670041, Seton Northwest Hospital - 450867, Shannon Medical Center - 450571, Sierra Medical Center - 450668, Sierra Providence East Medical Center - 670047, Sierra Vista Regional Health Center - 030043, Sisters Of Charity Hospital - 330078, Skagit Valley Hospital - 500003, St Elizabeth Health Center - 360064, St Elizabeth's Medical Center - 220036, St Francis Health Center Inc - 170016, St Francis Hospital - 440183, St Joseph Hospital - 200001, St Joseph Mercy Oakland - 230029, St Joseph Regional Health Center - 450011, St Joseph's Hospital Health Center - 330140, St Luke's Cornwall Hospital - 330264, St Luke's Hospital - 360090, St Luke's Hospital - Anderson Campus - 390326, St Luke's Warren Hospital - 310060, St Mary's Hospital ( Troy ) - 330232, St Peter's Hospital - 330057, St Vincent's Medical Center Southside - 100307, Stafford Hospital, Llc - 490140, Stamford Hospital - 070006, Tacoma General Allenmore Hospital - 500129, Texas Health Presbyterian Hospital Dallas - 450462, Texas Health Presbyterian Hospital Rockwall - 670044, Tuality Community Hospital - 380021, Tucson Medical Center - 030006, Ty Cobb Regional Medical Center, Llc - 110027, Uf Health Jacksonville - 100001, Union Hospital - 360010, University Hospital ( Stony Brook ) - 330393, University Hospital S U N Y Health Science Center - 330241, University Medical Center Of El Paso - 450024, University Of Cincinnati Medical Center, Llc - 360003, Via Christi Hospital Wichita St Teresa, Inc - 170200, Via Christi Hospitals Wichita, Inc - 170122, Virginia Mason Medical Center - 500005, Wadley Regional Medical Center - 450200, Warren Memorial Hospital - 490033, Wesley Medical Center - 170123, West Chester Hospital, Llc - 360354, Williamson Medical Center - 440029, Winchester Medical Center - 490005, Woodland Heights Medical Center - 450484, Wyoming Medical Center - 530012]*Bundle=[Acute myocardial infarction, Amputation, Atherosclerosis, Back & neck except spinal fusion, Cardiac arrhythmia, Cardiac defibrillator, Cardiac valve, Cellulitis, Cervical spinal fusion, Chest pain, Congestive heart failure, COPD, bronchitis, asthma, Coronary artery bypass graft, Diabetes, Double joint replacement, lower extremities, Esophagitis, gastroenteritis, digestive disor, Fractures of the femur and hip or pelvis, Gastrointestinal hemorrhage, Gastrointestinal obstruction, Hip & femur procedures except major joint, Lower extrem, humerus except hip, foot, femur, Lower Major joint replacement, Major bowel procedure, Major cardiovascular procedure, Medical non-infectious orthopedic, Medical peripheral vascular disorders, Nutritional and metabolic disorders, Other knee procedures, Other respiratory, Other vascular surgery, Pacemaker, Percutaneous coronary intervention, Red blood cell disorders, Removal of orthopedic devices, Renal failure, Revision of the hip or knee, Sepsis, Simple pneumonia and respiratory infections, Spinal fusion (non-cervical), Stroke, Syncope & collapse, Transient ischemia, Upper Major joint replacement, Urinary tract infection]*Region - Market=[Not Available, Sound Physicians A-Team - Empire, Sound Physicians A-Team - Nor'Easter, Sound Physicians A-Team - Rhythm Nation, Sound Physicians A-Team - SAT, Sound Physicians Evergreen - Treasure, Sound Physicians Gold Rush - Longhorn, Sound Physicians Gold Rush - Oasis, Sound Physicians Gold Rush - One Mile Up, Sound Physicians Great Lakes - Buckeye, Sound Physicians Great Lakes - Evergreen, Sound Physicians Great Lakes - Heartland, Sound Physicians Gulf - CHRISTUS Gold, Sound Physicians Gulf - CHRISTUS Purple, Sound Physicians Gulf - Rodeo, Sound Physicians Gulf - Sunshine, Sound Physicians Intensivist - Intensivist]*Remedy Region - Market=[Remedy East - Great Lakes, Remedy East - Middle States, Remedy East - New England, Remedy SXSW - Central, Remedy SXSW - Mid-Atlantic, Remedy SXSW - Southern Coast, Remedy SXSW - Westworld, Remedy Unclassified - Unclassified]*Participant=[Apollo, MD, Lifespan Corporation, Penn, Sentara, Sound Physicians, St. Lukes University Health Network, Trinity Health]*Post Acute Facility=[1st Care Home Health El Paso, 1st Choice Home Health, A & T Certified Home Care, Llc, A All About Care, A M I Homecare, A Plus Family Care Llc, Above And Beyond Home Health, Abramson Home Care, Absolute Home Care, Inc., Absolute Home Health Care, Acacia Certified Home Care Co, Accentcare Home Health, Accessible Home Health Care Of Broward, Accolade Home Care, Accucare Home Nursing Inc, Activa Home Health, Adams County Regional Medical Center Home Care, Advanced Healthcare, Advanced Home Health Care Agency, Inc, Advanced Senior Support Home Health, Adventist Health Home Health, Affilia Home Health, Aging Paradise Inc, Albemarle Home Care, Alegre Home Health Care Llc, All About You Home Health Agency Inc, All Broward Home Health Services Inc, All Care Health Solutions, All Generations Health Care Inc, All Heart Home Health And Hospice, All Nation Home Healthcare, Llc, All Ways Home Care Inc, All-4 One Home Healthcare Services, Inc, Allegiance Home Health And Rehab, Inc., Alliance Home Health Of Broward, Inc., Allied Services Home Health, Altercare, Llc, Altomar Home Health Care Inc, Always Caring Home Care Services Inc, Am Healthcare, Amber Home Care, Llc, Amedisys Delaware, Llc, Amedisys Home Health, Amedisys Home Health Care, Amedisys Home Health Of Newport News, Amedisys Home Health Of West Virginia, Amedisys Maine, Pllc, American Medical Home Health Services Mathis, American Mercy Home Care, Llc, American Nursing Care, Inc, Amity Home Healthcare Inc, Amorican Homehealth Services Llc, Anchor Home Health, Anew Healthcare Inc, Angel Care Home Health, Angels Care Home Health, Ann's Choice Visiting Nurse Services, Ann's Home Health Agency Inc, Apismellis Homecare, Llc, Appleton Home Health Services Llc, Aqts Home Health, Arizona Home Care, Ark La Tex Home Health, Inc., Assisted Care Of The Carolinas, Assisted Healthcare Services, Assisteo Home Health, Assured Home Health - Healthy Living At Home, At Home Care, At-home Health Care Inc, Atlantic Home Care & Hospice, Atlantic Home Care Llc, Atlanticare Health Services, Inc, Aventas Home Health Llc, Axiom Home Health Inc, Axis Home Health, B & B Homecare Of Broward Llc, B & B Homecare Of Palm Beach Llc, Bangor Area Visiting Nurses, Barnabas Health Home Care-ocean, Bayada Home Health Care, Bayada Home Health Care Inc, Bayada Home Health Care, Inc, Bayhealth Home Care, Beatitudes Home Health, Beebe Hospital Home Health, Benevolent Care Health Services Inc, Best & Dependable Home Health Care, Best Home Health, Bethany Home Health Services, Bexar Care Home Health Inc, Blue Sky Home Healthcare, Inc, Bluebonnet Home Health & Hospice Company, Bon Secours Home Care, Brandywine River Valley Home Health, Brookdale Home Health Columbus, Brookdale Home Health Nashville, Brookdale Home Health Overland Park, Brookdale Home Health San Antonio, Brooks Home Care Advantage Inc, Broward Care At Home, Inc., Broward Nursing Care, Inc., Brrh Home Health Services, Inc., Butler County Phns, Calais Regional Hospital Home Health, Cambridge Home Health Care, Inc, Cape Visiting Nurse Association, Capitol Home Health, Caprock Home Health Services Inc, Care At Home, Care Connection Of Cincinnati, Care On Call Home Healthcare, Inc., Care Partners Health Services Inc, Care Professional Nursing Inc, Care Quality Of El Paso Llc, Care-tech Home Health Services Llc, Careall Homecare Services, Caregivers America Home Health Services, Caregivers Home Health, Caregivers Of America Inc, Carepartners Home Health Services, Caretenders, Caring First Home Health Llc, Carolina East Home Care, Carter Healthcare, Catholic Home Health Services Of Broward, Inc., Catholic Home Health Services Of Miami-dade County, Cedar County Public Health Nursing Services, Center For Hospice And Palliative Care Inc, The, Central Homecare And Hospice, Inc, Cerro Gordo County Department Of Public Health, Certified Health Care Services, Inc., Certified Homecare Of The Palm Beaches, Cgn Healthcare Services Inc, Chesapeake Regional Home Care Services, Chickasaw Co Public Health & Home Care Services, Choice Home Healthcare, Christiana Care Visiting Nurse Assn, Christiana Care Vna/new Castle, Christus Homecare, Christus Homecare Schumpert, Christus Homecare St Patrick, Christus Vna Homecare San Antonio, Clayton County Visiting Nurse Association, Clayton Hospital Home Care, Cm Sunshine Home Healthcare Inc, Cmh Home Health Care, Coffey County Hospital Hha, Columbus Global Home Health, Inc, Comfort Care Medicare Inc, Community Health & Counseling Services, Community Health Center Chha, Community Health Services, Community Home Health Services, Community Homecare, Community Homehealth, Community Nurses Home Health And Hospice Inc, Community Nursing Service, Community Visiting Nurse Agency, Inc, Community Vna, Compassion Home Care, Compassionate Home Health Care, Complete Approach Home Health Agency, Complete Healthcare Services Inc, Complete Home Care Of Broward County Llc, Complete Home Care Of The Palm Beaches Llc, Completecare Home Health Llc, Comprehensive Home Care Of Broward, Comprehensive Home Care Of Palm Beach, Comprehensive Home Health Inc, Conemaugh Home Health, Conquest Home Care Plus, Inc., Continuing Care Home Health Services, Continuous Home Care Inc, Continuum Home Health Care, Crest Medical, Criticare Home Care, Custom Care Inc Dba Angels Care Home Health, Custom Home Health, Daniel Jarvis Home Health Agency, Dare Home Health And Dare Hospice, Day Kimball Homecare, Dearborn County Hospital Home Health & Hospice, Dedicated Caregivers, Llc, Delta Home Health Care, Inc, Doctors Choice Home Care Inc, Dominican Sisters Family Health Services Chha, Doniphan Co Health Dept Hha, Douglas County Visiting Nurses Association Inc, Doylestown Hosp Vn Hc Dept, Dynamic Care Health Services Inc, Easton Home Health Services, Eddy Visiting Nurse Association Chha, Elite Home Health Care, Elite Home Health Services Llc, Emblem Healthcare, Inc, Emoss Healthcare Inc, Empathy Care, Inc., Encompass Hha-jupiter, Encompass Hha-tamarac, Encompass Hha-topeka, Encompass Hha-winchester, Encompass Home Health & Hospice Of Idaho, Encompass Home Health Of Central Texas, Encompass Home Health Of Corpus Christi, Encompass Home Health Of El Paso, Encompass Home Health Of Kansas, Encompass Home Health Of New Mexico, Encompass Home Health Of The Panhandle, Encompass Home Health Of Virginia, Encompass Home Health Of Western Idaho, Ephrata Community Home Care, Excella Home Care Llc, Excella Homecare, An Encompass Company, Exclusive Home Health And Hospice Inc, Expert Home Care, Family Care Senior Solutions, First Choice Home Care, First Choice Home Health Agenc, First Choice Home Health Services, Llc, First Health Systems Inc, First Home Healthcare Llc, First Quality Home Health Services Inc, Firstat Home Health Services, Llc, Firstat Nursing Services, Firstat Nursing Services-west Palm Beach, Firstlantic Nursing Services, Inc., Five Star Home Care, Five Star Home Health Care, Floyd County Public Health/ Home Health Care, Focuscare, Foundation For Senior Living Home Health, Franklin County Public Health, Freedom Home Health, Friendship Private Duty Inc, Fusion Healthcare, Gem City Home Care, Gem City Home Care, Llc, Generations Health Care Inc, Genesis Home Care, Genesis Vna And Hospice, Genesys Home Health Care, Inc, Gentiva Health Services, Gentiva Health Services - Va Beach, Gentiva Health Svs Nashville, Girling Home Health Texas By Harden Healthcare, Gold Coast Home Health Services, Golden Age Home Care , Inc, Golden Belt Home Health And Hospice, Goldencare Home Health Agency Inc, Good Samaritan Hospital Home Care Department Chha, Grandview Hosp Community Nurse, Grant Memorial Homecare, Great Lakes Caring, Great Lakes Home Health Care Agency, Greenbelt Home Care, Greenwood County Hospital Hha, Group Care Home Health Lp, Guardian Angel Home Care, Inc, Guardian Angel Home Healthcare Services, Guardian Home Care Of Nashville, Llc, Guardian Homecare, Llc, H & M Health Services, Inc., Hancock County Health System Community Health, Hancock County Homecare, Harmony Home Health Care, Inc, Harper County Hha, Hartford Healthcare At Home, Haven Home Health Care Of Broward, Haven Home Health Inc, Hcr Chha (canastota), Healing Source Home Care Inc, Health At Home, Health Calls, Health Care Of South Florida Corp, Health Care Plus, Health Force Of Indiana, Health Partners Home Care, Inc, Health1st Home Health Services, Healthpro Homecare And Staffing, Healthy Living At Home-arizona, Llc, Healthy Living At Home-san Diego, Llc, Heartland Hh Care & Hospice, Heartland Home Health & Hospice - Suffolk, Heartland Home Health Care & Hospice Services, Inc, Heartland Home Health Care And Hospice, Heartland Home Health Care Inc, Hearts For Home Health - Boise, Helping Hand Home Health Care Agency, Inc, Helping Hand Nurse, Llc, Hertford-gates Home Health Agency, Hiawatha Community Hospital Hha, Highlite Home Care, Highlite Home Care, Inc., Hme Hlth Dept Willis Knighton, Holy Cross Hospital Home Health Agency, Holy Redeemer Home Care, Holy Redeemer Home Care Nj North, Holy Redeemer Home Care Nj Shore, Holy Redeemer Home Care-pa, Home Advantage - Private, Home Again Health Care, Llc, Home Care Connections, Home Care Partners Of Cincinnati, Inc, Home Care Professionals, Llc, Home Care Providers Of Texas, Home Care Unlimited Of El Paso, Home Health And Hospice Care, Home Health Care Of Middle Tn, Home Health Connection, Inc, Home Health Innovations Inc, Home Health Of Kansas, Home Health Services Of Florida Ac Inc, Home Health Services Of Mason Kimble Menard Inc, Home Health Visiting Nurses Of Southern Maine, Home Healthcare By Black Stone, Home Sweet Home Unlimited Inc, Home Therapeutic Solutions, Home Town Health Care Llc, Homecare Matters Home Health & Hospice, Hometown Home Health Care, Homewood Home Health, Llc, Hope In-home Care Inc, Horizon Home Health & Hospice, Hospice And Homecare Of Reno County, Hospice Of The Prairie, Hospital Without Walls, Hunterdon Medical Center Home Health, Indus Home Health Care, Inc, Infinity Home Care Of Broward, Integracare Of Cleburne, Integracare Of West Texas Home Health Llc, Interim Healthcare, Interim Healthcare Mid Atlantic, Interim Healthcare Of Amarillo, Interim Healthcare Of Hartford, Interim Healthcare Of Newark, Interim Healthcare Of The Treasure Coast, Inc., Interim Healthcare Of The Tria, Interim Healthcare Of Topeka, Interim Healthcare Of Wichita, Intrepid Usa Healthcare Services, Island Home Care Agency Inc, Jefferson County Home Health Agency, Jewish Family Service Of Tidewater, Inc, Jordan Health Services, K & D Home Health Care Corp., Karya Home Care, Inc, Kc's Home Health Care, Llc, Kennedy University Hospital, Inc Home Health Care, Keystone Home Health, Kindred At Home-home Health-columbus, Kingman Community Hospital Hha, Klickitat Valley Health Services Hh, Labette Home Health, Lafayette County Health Unit, Lakes Regional Healthcare, Lamina Home Care Llc, Legend Home Health, Lehigh Valley Home Care, Liberal Hh & Guymon Hospice, Living Tree Of Life Home Health, Louisiana Homecare, Louisiana Homecare Of Monroe, Louisiana Homecare/minden, Love My Nurse, Llc, Lutheran Home Health Agency, Magnolia Home Health Care, Inc, Main Line Health Home Care & Hospice - Home Health, Marietta Home Health And Hospice, An Amedisys Part, Marion County Home Care Services, Marshall Homecare And Hospice, Masonicare Partners Home Health And Hospice, Inc, Master Home Health Care Inc., Matrix Home Health Services, Mclaren Visiting Nurse & Hospice, Medcare Home Health Services Inc., Mederi Caretenders, Medi Home Health Agency Inc, Medi Home Health Agency Of Tidewater, Medi Home Health Agency, Inc, Medical Resources Home Health, Medistar Home Health, Medstar Home Health, Memorial Hermann Home Health, Memorial Home Health Services, Memorial Hospital Of Union County, Mercer Care, Mercy Home Care, Mercy Home Care - North Iowa, Mercy Home Health, Mercy Medical Center Home Care, Merida Health Care Group, Meridian Home Care-ocean County, Metro Home Care, Midland Care Home Health, Millenium Home Health Care Inc, Minden Medical Center Hha, Mitchell County Home Health Care/ Public Health, Mmsc Home Care Plus, Moorestown Visiting Nurse Association, Morrow County Hospital Home Health, Morselife Home Care, Mount Carmel Home Care, Multicare Home Health Services, Inc, Nation's Best Care Home Health Corp, National Church Residences Home And Community Serv, National Home Care Services, Neighborhood Vna, New England Home Care, Inc, New Hope Health Agency Llc, New Life Home Health Care Agency Inc, New Mission Home Care, Nhc Homecare - Piedmont, Nhc Homecare Columbia, Nhc Homecare Murfreesboro, Nightingale Home Healthcare Of Florida Inc, Nix Home Care, Nmrmc Home Health Agency, North Oakland Home Health Care, Northeast Kansas Multi County Hha, Not Available, Nova Home Care, Nurse On Call, Nurses By Prescription, Nurses Care Home Services, Nursing Concepts Inc, Nursing Plus Inc, Nyack Hosp Home Care Chha, Ocean County Board Of Health, Ohiohealth Home Health, Olympic Medical Home Health, Optimal Care, Options Home Health, Ouachita County Health Unit, Our Angel Home Health, Pacific Home Health & Hospice, Palo Alto Community Health, Partners Healthcare At Home - Home Care, Patience Home Health Care, Patient Care Home Health Of Broward, Payson Regional Home Health, Pendleton Home Health Services, Penn Care At Home, Personal Touch Homecare Of Va, Philadelphia Home Care Agency Inc (phca), Phoenix Home Care, Inc, Pines Home Health Care Services Inc, Pinnacle Senior Care, Plains Regional Medical Center Home Health Care, Premier Home Care, Prestige Home Care Agency, Primary Medical Staffing Inc, Primavera Home Health Pc, Princeton Homecare Services, Princeton Health Care, Principle Health Services, Private Nursing Inc, Professional Hh Services Of Natchitoches, Professional Hh Svc Of Minden, Professional Hh Svcs Of Caddo, Progress At Home, Progressive Home Health & Hospice, Providence Benedictine Home Health, Providence Home Health, Providence Home Health And Hospice, Llc, Raphael Health Care, Llc, Real Solutions Home Health Care Inc, Recover Health Of Iowa, Inc, Recovery Home Care Inc, Red River Home Health Care, Reliable Home Health Corporation, Residential Home Health, Revive Home Care Inc, Revolutionary Home Health Inc, Revolutionary Home Health Svc, Llc, Rio Grande Home Health, Riverside Shore Home Health, Ross County Home Health Agency, Sacred Heart Visiting Nurses, Saint Joseph Vna Home Care, Salem Home Care, Llc, San Antonio Home Health, Santa Fe Home Care Llc, Sante Home Health And Rehabilitation Services, Sc Dhec Midlands Home Health Services, Select Home Care, Llc, Senior Home Care, Senior Home Care Inc, Sentara Home Care Services, Sentara Homecare Services, Serenity Home Health Llc, Smart Health Care Inc, Soft Touch Home Care Inc, South Texas Regional Home Health, Southampton Memorial Home Health, Southcoast Visiting Nurse Association Inc, Southeast Homecare, Southeastern Health Services Of Pa, Southland Home Health Services, Specialized Nursing Services Inc., St Alphonsus Hha & Hospice, An Amedisys Partner, St Elizabeth Home Health Inc, St Francis Home Health Agency, St Joseph Homecare, St Joseph Mercy Home Care, Ann Arbor, St Joseph Mercy Home Care, Livingston, St Joseph Mercy Home Care, Oakland, St Josephs Hosp Health Center Chha, St Luke's Home Health, St Lukes Visiting Nurse Association, Star Home Health Services, Stat Home Health North, Llc, Stat Home Health Of Northwest Louisiana, Llc, Steward Home Care, Sullivan County Public Health Services Chha, Summit Home Health Care, Summit Orthopaedic Home Care, Sumner County Home Health Agency, Sun City Home Care Inc, Suncrest Home Health, Suncrest Home Health Services, Sunflower Home Health & Hospice, Sunrise County Homecare Svcs., Superior Home Health Of San Antonio Llc, Supreme Home Health Care, Llc, Synergy Home Care-northeastern Region, Inc, Synergy Home Care-northwestern Region, Inc, Synergy Home Health, Tama County Public Health & Ho, Taylor Hospital Home Health Agency, Team Select Home Care, Texas Health Quest Inc, Texas Home Health Skilled Services, The Nurses Guild, The Nurses Guild Of The Palm Beaches Inc, Therapy Solutions Inc, Thompson Home Health, Timeless Home Care, Inc., Titan Health Services Llc, To The Rescue, Total Home Health, Total Home Health Inc, Total Home Health Miami, Tri County Home Health, Tri-county Homecare Of Florida, Inc., Tricare Home Health Services Inc, Trinity Home Health Care, Inc, Tucumcari Home Health, Ultra Health Care, Inc., United Care Home Health Services Llc, United Home Care, United Home Care, Inc., United Home Health Care Of Shreveport, United Home Health Services, Unitypoint At Home, Universal Home Health, Inc, Unlimited Health Care Services, Inc., Uns United Nursing Services, Urgent Care Home Health Inc, Usa Home Health Services, Usa Home Health Services, Inc., Utopia Home Care Inc, V A Home Health 1, Valley Home Care Inc., Valley Home Care, Llc, Valley Of The Sun Home Health Care, Llc, Vanderbilt Home Care Services, Vernon Home Health, Via Christi Home Health, Viaquest Home Care, Victoria Home Health Care, Vinton County Health Department Home Health Agency, Virginia Gay Hospital Home Health Agency, Virtua Home Care - Community Nursing Services, Virtua Home Care At West Jersey, Visiting Nurse & Health Services Of Connecticut, Visiting Nurse Assoc Of Northern New Jersey, Visiting Nurse Assoc Of Saint Clare's, Inc, Visiting Nurse Association Of Florida Inc, Visiting Nurse Association Of Mid-ohio, Visiting Nurse Association Of The Florida Keys, Vna Central New York Chha, Vna Home Care Of Mercer County, Vna Home Health & Hospice, Vna Hospice And Home Health Of Lackawanna, Vna Of Albany, Saratoga, Rensselaer Chha, Vna Of Greater Philadelphia, Vna Of Hanover Spring Grove, Vna Of Pottstown And Vicinity, Vna Of Somerset Hills - Home Health, Vns Of Newport & Bristol Counties, Inc, Vns Westchester Chha, Wayne Mem Hosp Dept Of Hh Srvc, Wellness Home Health Care Of Michigan, Westminster-canterbury At Home, Llc, William Newton Home Health Services, Willowbrook Home Health Care, Winchester Medical Center Hha, Winnebago County Phns, Wissahickon Hospice, World First Class Home Health, Inc, Worth County Phns, Wright County Health Department]